episode,ticker,asset_name,group,start_value,end_value,min_value,max_drawdown,volatility,total_return_pct,volatility_pct
2022 Inflation Shock,ARKK,Innovation Stocks,New money,100.0,32.209508081203545,30.559852811748662,-69.44014718825133,0.04271920231422131,-67.79049191879645,4.271920231422131
2022 Inflation Shock,BTC-USD,Bitcoin,New money,100.0,35.736674111208025,33.98175633328339,-66.73961608979899,0.0333879629811463,-64.26332588879197,3.33879629811463
2022 Inflation Shock,GLD,Gold,Old money,100.0,100.77823177350673,89.84137948226358,-21.032844203783363,0.009595498137424007,0.7782317735067323,0.9595498137424007
2022 Inflation Shock,KRE,Regional Banks,Old money,100.0,83.36692093448099,79.15109796237338,-27.490048562186743,0.01762667439858047,-16.633079065519013,1.7626674398580469
2022 Inflation Shock,QQQ,Nasdaq 100,New money,100.0,66.78013385456364,65.17203018475799,-34.827969815242014,0.020281352439516235,-33.219866145436356,2.0281352439516236
2022 Inflation Shock,SMH,Semiconductors,New money,100.0,65.03400635618003,54.86374657755591,-45.13625342244409,0.02684172389220522,-34.96599364381997,2.6841723892205223
2022 Inflation Shock,SPY,S&P 500,Baseline,100.0,81.35359954102185,75.50361908497462,-24.496380915025384,0.015296743878094826,-18.64640045897815,1.5296743878094825
2022 Inflation Shock,TLT,Long Bonds,Old money,100.0,70.61924318909989,65.06692800588928,-34.93307199411072,0.01274704599219819,-29.38075681090011,1.274704599219819
2022 Inflation Shock,XLE,Energy,Old money,100.0,159.3853772743268,100.0,-26.04372086545611,0.022192126928221666,59.3853772743268,2.2192126928221665
2022 Inflation Shock,XLF,Financials,Old money,100.0,88.32781249626531,77.74203219804139,-25.805336641174502,0.01543855646599055,-11.67218750373469,1.5438556465990552
2022 Inflation Shock,XLK,Technology,New money,100.0,71.59429393345982,66.86867238793147,-33.13132761206853,0.020710939892435037,-28.405706066540176,2.071093989243504
2022 Inflation Shock,XLU,Utilities,Old money,100.0,102.459251442893,88.68277463025733,-20.715972270113525,0.01346551005705181,2.459251442893006,1.346551005705181
AI Rally,ARKK,Innovation Stocks,New money,100.0,187.92992277680233,100.0,-32.113750103757056,0.024024977579874967,87.92992277680233,2.4024977579874967
AI Rally,BTC-USD,Bitcoin,New money,100.0,560.1319049794223,100.0,-26.18203300847659,0.025635769171313813,460.1319049794223,2.5635769171313814
AI Rally,GLD,Gold,Old money,100.0,141.5468305498338,98.41576552452021,-11.347406182165143,0.008960303678884646,41.5468305498338,0.8960303678884646
AI Rally,KRE,Regional Banks,Old money,100.0,110.32901314771291,62.37619087038363,-43.843142266557514,0.021293266780531395,10.329013147712914,2.1293266780531397
AI Rally,QQQ,Nasdaq 100,New money,100.0,195.78839682047376,98.90349321881337,-13.557734543174893,0.01130124284914953,95.78839682047376,1.1301242849149529
AI Rally,SMH,Semiconductors,New money,100.0,243.0326069625544,100.0,-24.816010281254318,0.019814399720024932,143.0326069625544,1.981439972002493
AI Rally,SPY,S&P 500,Baseline,100.0,158.24266803090947,99.62188238755864,-9.97430402743702,0.008074957627877438,58.24266803090947,0.8074957627877438
AI Rally,TLT,Long Bonds,Old money,100.0,92.72243638366184,83.58985333049496,-22.444203882867807,0.010323324925229613,-7.277563616338156,1.0323324925229613
AI Rally,XLE,Energy,Old money,100.0,108.70939396670798,91.196703125716,-17.33431561304386,0.012837280229536138,8.709393966707978,1.2837280229536139
AI Rally,XLF,Financials,Old money,100.0,145.75197100343112,90.26807053580693,-16.270249560564643,0.009583209595867332,45.75197100343112,0.9583209595867331
AI Rally,XLK,Technology,New money,100.0,191.58280141868676,98.31251970415865,-16.97239694960485,0.012889811480963772,91.58280141868676,1.288981148096377
AI Rally,XLU,Utilities,Old money,100.0,114.46482970109102,81.59121677194835,-20.19725593549119,0.010496101943409157,14.46482970109102,1.0496101943409157
COVID Crash,ARKK,Innovation Stocks,New money,100.0,118.1215798412504,57.462315554311374,-42.537684445688626,0.042255327109868734,18.121579841250394,4.225532710986873
COVID Crash,BTC-USD,Bitcoin,New money,100.0,94.85753485092332,51.59959037316105,-49.914048465841375,0.05063460131160054,-5.142465149076685,5.063460131160054
COVID Crash,GLD,Gold,Old money,100.0,110.26418243637805,90.94143184124104,-12.527726112612392,0.014906470448950085,10.26418243637805,1.4906470448950084
COVID Crash,KRE,Regional Banks,Old money,100.0,70.03226890334243,50.86012767158953,-49.5905946553739,0.0545973792554579,-29.967731096657573,5.45973792554579
COVID Crash,QQQ,Nasdaq 100,New money,100.0,104.88614042937606,71.44063108975308,-28.559368910246917,0.032287227020069455,4.886140429376056,3.2287227020069453
COVID Crash,SMH,Semiconductors,New money,100.0,100.36126733241733,66.37767429669208,-33.62232570330792,0.040592363761686207,0.3612673324173272,4.059236376168621
COVID Crash,SPY,S&P 500,Baseline,100.0,92.07844451695543,66.28274665562816,-33.71725334437185,0.03250192967897837,-7.921555483044571,3.250192967897837
COVID Crash,TLT,Long Bonds,Old money,100.0,113.2647287722133,99.33564298730236,-15.727719567571551,0.02028264803041951,13.264728772213303,2.0282648030419512
COVID Crash,XLE,Energy,Old money,100.0,71.45522470514116,43.719228273256675,-56.280771726743325,0.05417098853686255,-28.544775294858837,5.417098853686255
COVID Crash,XLF,Financials,Old money,100.0,75.44195293601388,57.210880674997824,-42.789119325002176,0.04370073146520137,-24.558047063986123,4.370073146520137
COVID Crash,XLK,Technology,New money,100.0,102.4662790457477,68.84678655643769,-31.15321344356231,0.03733043875231777,2.4662790457476973,3.733043875231777
COVID Crash,XLU,Utilities,Old money,100.0,81.85556540128444,64.63439118525518,-35.59493158745296,0.03802733604719463,-18.144434598715563,3.8027336047194633
Dot-Com Crash,QQQ,Nasdaq 100,New money,100.0,17.519653910138185,17.519653910138185,-82.96390010515167,0.03298211322090788,-82.48034608986181,3.298211322090788
Dot-Com Crash,SMH,Semiconductors,New money,100.0,17.905002828171963,17.905002828171963,-83.08079152692484,0.039894336660759054,-82.09499717182804,3.9894336660759055
Dot-Com Crash,SPY,S&P 500,Baseline,100.0,57.663349246733745,57.663349246733745,-47.51585916365344,0.014961178244864126,-42.336650753266255,1.4961178244864126
Dot-Com Crash,TLT,Long Bonds,Old money,100.0,111.48504218199966,100.0,-1.9819950350636661,0.007152388151782771,11.48504218199966,0.7152388151782771
Dot-Com Crash,XLE,Energy,Old money,100.0,77.2948197619941,74.4326074219393,-41.53253986474541,0.017284952000771243,-22.705180238005894,1.7284952000771243
Dot-Com Crash,XLF,Financials,Old money,100.0,96.83162091697707,96.83162091697707,-36.64444999534893,0.018769660319706734,-3.168379083022927,1.8769660319706734
Dot-Com Crash,XLK,Technology,New money,100.0,19.38074175721408,19.38074175721408,-82.04651755554234,0.02831964298236233,-80.61925824278592,2.8319642982362327
Dot-Com Crash,XLU,Utilities,Old money,100.0,65.62029860556049,65.62029860556049,-52.27240133543689,0.015591000020008693,-34.37970139443951,1.5591000020008694
Global Financial Crisis,GLD,Gold,Old money,100.0,123.91572613593328,95.77234027539726,-29.414136036638318,0.019505577950369165,23.915726135933284,1.9505577950369164
Global Financial Crisis,KRE,Regional Banks,Old money,100.0,34.01447842028697,34.01447842028697,-65.98552157971302,0.03899376941867773,-65.98552157971304,3.899376941867773
Global Financial Crisis,QQQ,Nasdaq 100,New money,100.0,48.44479524025225,48.03628050053474,-53.40401899172307,0.023540347116960993,-51.55520475974775,2.3540347116960993
Global Financial Crisis,SMH,Semiconductors,New money,100.0,41.48630493698394,38.33115630643167,-61.668843693568334,0.028182376283492218,-58.51369506301606,2.818237628349222
Global Financial Crisis,SPY,S&P 500,Baseline,100.0,44.81056071513414,44.81056071513414,-55.18943928486586,0.024024590708020453,-55.18943928486586,2.4024590708020455
Global Financial Crisis,TLT,Long Bonds,Old money,100.0,125.07452965533116,99.46649725807492,-16.193106555511726,0.011121576222567714,25.074529655331162,1.1121576222567713
Global Financial Crisis,XLE,Energy,Old money,100.0,52.08389147638282,51.09205647258804,-57.359401199895444,0.03547809646560252,-47.91610852361718,3.5478096465602524
Global Financial Crisis,XLF,Financials,Old money,100.0,18.439302518032374,18.203659738368554,-81.79634026163146,0.04427967896394588,-81.56069748196762,4.427967896394588
Global Financial Crisis,XLK,Technology,New money,100.0,48.60643151019562,48.23804730981415,-53.03583457229537,0.024016574904616967,-51.39356848980438,2.4016574904616967
Global Financial Crisis,XLU,Utilities,Old money,100.0,57.52424328387647,57.52424328387647,-46.48094254384352,0.021010561824816212,-42.47575671612353,2.101056182481621
Regional Banking Crisis,ARKK,Innovation Stocks,New money,100.0,102.1958608160992,87.73346415225349,-13.83243133253097,0.02426514608421657,2.1958608160991986,2.426514608421657
Regional Banking Crisis,BTC-USD,Bitcoin,New money,100.0,121.35511417762883,90.00206025129145,-13.615829604531527,0.026440139156510018,21.355114177628835,2.644013915651002
Regional Banking Crisis,GLD,Gold,Old money,100.0,106.23471187009703,98.20533625528216,-5.3770244496371795,0.010366539193764394,6.23471187009703,1.0366539193764395
Regional Banking Crisis,KRE,Regional Banks,Old money,100.0,65.57381321770791,60.71087272833257,-39.28912727166743,0.03374746464089673,-34.42618678229209,3.374746464089673
Regional Banking Crisis,QQQ,Nasdaq 100,New money,100.0,116.16849736334058,96.17691642525801,-3.823083574741981,0.011381012782263401,16.168497363340578,1.13810127822634
Regional Banking Crisis,SMH,Semiconductors,New money,100.0,118.89776751670875,97.84990256019194,-9.12268418506491,0.020004814018619727,18.897767516708754,2.0004814018619728
Regional Banking Crisis,SPY,S&P 500,Baseline,100.0,103.70232927286528,95.27531805670509,-4.724681943294906,0.009200454655557284,3.702329272865285,0.9200454655557284
Regional Banking Crisis,TLT,Long Bonds,Old money,100.0,102.38546057573252,99.69137464458309,-7.3683867509901635,0.011292074494962362,2.385460575732523,1.1292074494962363
Regional Banking Crisis,XLE,Energy,Old money,100.0,88.64757615488587,88.16725283922567,-12.197621319861963,0.017164507246321316,-11.352423845114131,1.7164507246321317
Regional Banking Crisis,XLF,Financials,Old money,100.0,88.61084837607031,86.00777745369548,-13.992222546304522,0.014465399248106128,-11.389151623929692,1.4465399248106128
Regional Banking Crisis,XLK,Technology,New money,100.0,116.92540192926045,96.42071183057989,-4.6619190318959784,0.01259469771079297,16.925401929260445,1.259469771079297
Regional Banking Crisis,XLU,Utilities,Old money,100.0,98.25534539234305,96.39404805025084,-8.04631965789705,0.010784359244984217,-1.7446546076569547,1.0784359244984216
